{
  "configVersion": 1,
  "timestamp": 1613376492868,
  "index": "/index.html",
  "assetGroups": [
    {
      "name": "app",
      "installMode": "prefetch",
      "updateMode": "prefetch",
      "cacheQueryOptions": {
        "ignoreVary": true
      },
      "urls": [
        "/1-es2015.js",
        "/1-es5.js",
        "/11-es2015.js",
        "/11-es5.js",
        "/12-es2015.js",
        "/12-es5.js",
        "/13-es2015.js",
        "/13-es5.js",
        "/14-es2015.js",
        "/14-es5.js",
        "/15-es2015.js",
        "/15-es5.js",
        "/16-es2015.js",
        "/16-es5.js",
        "/17-es2015.js",
        "/17-es5.js",
        "/18-es2015.js",
        "/18-es5.js",
        "/19-es2015.js",
        "/19-es5.js",
        "/20-es2015.js",
        "/20-es5.js",
        "/21-es2015.js",
        "/21-es5.js",
        "/22-es2015.js",
        "/22-es5.js",
        "/23-es2015.js",
        "/23-es5.js",
        "/24-es2015.js",
        "/24-es5.js",
        "/25-es2015.js",
        "/25-es5.js",
        "/26-es2015.js",
        "/26-es5.js",
        "/27-es2015.js",
        "/27-es5.js",
        "/28-es2015.js",
        "/28-es5.js",
        "/29-es2015.js",
        "/29-es5.js",
        "/3-es2015.js",
        "/3-es5.js",
        "/30-es2015.js",
        "/30-es5.js",
        "/31-es2015.js",
        "/31-es5.js",
        "/32-es2015.js",
        "/32-es5.js",
        "/33-es2015.js",
        "/33-es5.js",
        "/4-es2015.js",
        "/4-es5.js",
        "/5-es2015.js",
        "/5-es5.js",
        "/6-es2015.js",
        "/6-es5.js",
        "/common-es2015.js",
        "/common-es5.js",
        "/index.html",
        "/main-es2015.js",
        "/main-es5.js",
        "/manifest.webmanifest",
        "/polyfills-es2015.js",
        "/polyfills-es5.js",
        "/runtime-es2015.js",
        "/runtime-es5.js",
        "/styles.css"
      ],
      "patterns": []
    },
    {
      "name": "assets",
      "installMode": "lazy",
      "updateMode": "prefetch",
      "cacheQueryOptions": {
        "ignoreVary": true
      },
      "urls": [
        "/ad.svg",
        "/ae.svg",
        "/af.svg",
        "/ag.svg",
        "/ai.svg",
        "/al.svg",
        "/am.svg",
        "/ao.svg",
        "/aq.svg",
        "/ar.svg",
        "/as.svg",
        "/assets/icons/android-chrome-144x144.png",
        "/assets/icons/android-chrome-192x192.png",
        "/assets/icons/android-chrome-36x36.png",
        "/assets/icons/android-chrome-48x48.png",
        "/assets/icons/android-chrome-72x72.png",
        "/assets/icons/android-chrome-96x96.png",
        "/assets/icons/apple-touch-icon-114x114.png",
        "/assets/icons/apple-touch-icon-120x120.png",
        "/assets/icons/apple-touch-icon-144x144.png",
        "/assets/icons/apple-touch-icon-152x152.png",
        "/assets/icons/apple-touch-icon-180x180.png",
        "/assets/icons/apple-touch-icon-57x57.png",
        "/assets/icons/apple-touch-icon-60x60.png",
        "/assets/icons/apple-touch-icon-72x72.png",
        "/assets/icons/apple-touch-icon-76x76.png",
        "/assets/icons/apple-touch-icon.png",
        "/assets/icons/browserconfig.xml",
        "/assets/icons/favicon-16x16.png",
        "/assets/icons/favicon-254x254.gif",
        "/assets/icons/favicon-32x32.png",
        "/assets/icons/favicon.ico",
        "/assets/icons/mstile-144x144.png",
        "/assets/icons/mstile-150x150.png",
        "/assets/icons/mstile-310x150.png",
        "/assets/icons/mstile-310x310.png",
        "/assets/icons/mstile-70x70.png",
        "/assets/icons/safari-pinned-tab.svg",
        "/assets/images/default-user.jpg",
        "/assets/images/placeholder.webp",
        "/at.svg",
        "/au.svg",
        "/aw.svg",
        "/ax.svg",
        "/az.svg",
        "/ba.svg",
        "/bb.svg",
        "/bd.svg",
        "/be.svg",
        "/bf.svg",
        "/bg.svg",
        "/bh.svg",
        "/bi.svg",
        "/bj.svg",
        "/bl.svg",
        "/bm.svg",
        "/bn.svg",
        "/bo.svg",
        "/bq.svg",
        "/br.svg",
        "/bs.svg",
        "/bt.svg",
        "/bv.svg",
        "/bw.svg",
        "/by.svg",
        "/bz.svg",
        "/ca.svg",
        "/cc.svg",
        "/cd.svg",
        "/cf.svg",
        "/cg.svg",
        "/ch.svg",
        "/ci.svg",
        "/ck.svg",
        "/cl.svg",
        "/cm.svg",
        "/cn.svg",
        "/co.svg",
        "/cr.svg",
        "/cu.svg",
        "/cv.svg",
        "/cw.svg",
        "/cx.svg",
        "/cy.svg",
        "/cz.svg",
        "/de.svg",
        "/dj.svg",
        "/dk.svg",
        "/dm.svg",
        "/do.svg",
        "/dz.svg",
        "/ec.svg",
        "/ee.svg",
        "/eg.svg",
        "/eh.svg",
        "/er.svg",
        "/es-ca.svg",
        "/es-ga.svg",
        "/es.svg",
        "/et.svg",
        "/eu.svg",
        "/fi.svg",
        "/fj.svg",
        "/fk.svg",
        "/fm.svg",
        "/fo.svg",
        "/fontello.eot",
        "/fontello.svg",
        "/fontello.ttf",
        "/fontello.woff",
        "/fontello.woff2",
        "/fr.svg",
        "/ga.svg",
        "/gb-eng.svg",
        "/gb-nir.svg",
        "/gb-sct.svg",
        "/gb-wls.svg",
        "/gb.svg",
        "/gd.svg",
        "/ge.svg",
        "/gf.svg",
        "/gg.svg",
        "/gh.svg",
        "/gi.svg",
        "/gl.svg",
        "/gm.svg",
        "/gn.svg",
        "/gp.svg",
        "/gq.svg",
        "/gr.svg",
        "/gs.svg",
        "/gt.svg",
        "/gu.svg",
        "/gw.svg",
        "/gy.svg",
        "/hk.svg",
        "/hm.svg",
        "/hn.svg",
        "/hr.svg",
        "/ht.svg",
        "/hu.svg",
        "/id.svg",
        "/ie.svg",
        "/il.svg",
        "/im.svg",
        "/in.svg",
        "/io.svg",
        "/iq.svg",
        "/ir.svg",
        "/is.svg",
        "/it.svg",
        "/je.svg",
        "/jm.svg",
        "/jo.svg",
        "/jp.svg",
        "/ke.svg",
        "/kg.svg",
        "/kh.svg",
        "/ki.svg",
        "/km.svg",
        "/kn.svg",
        "/kp.svg",
        "/kr.svg",
        "/kw.svg",
        "/ky.svg",
        "/kz.svg",
        "/la.svg",
        "/lb.svg",
        "/lc.svg",
        "/li.svg",
        "/lk.svg",
        "/lr.svg",
        "/ls.svg",
        "/lt.svg",
        "/lu.svg",
        "/lv.svg",
        "/ly.svg",
        "/ma.svg",
        "/mc.svg",
        "/md.svg",
        "/me.svg",
        "/mf.svg",
        "/mg.svg",
        "/mh.svg",
        "/mk.svg",
        "/ml.svg",
        "/mm.svg",
        "/mn.svg",
        "/mo.svg",
        "/mp.svg",
        "/mq.svg",
        "/mr.svg",
        "/ms.svg",
        "/mt.svg",
        "/mu.svg",
        "/mv.svg",
        "/mw.svg",
        "/mx.svg",
        "/my.svg",
        "/mz.svg",
        "/na.svg",
        "/nc.svg",
        "/ne.svg",
        "/nf.svg",
        "/ng.svg",
        "/ni.svg",
        "/nl.svg",
        "/no.svg",
        "/np.svg",
        "/nr.svg",
        "/nu.svg",
        "/nz.svg",
        "/om.svg",
        "/pa.svg",
        "/pe.svg",
        "/pf.svg",
        "/pg.svg",
        "/ph.svg",
        "/pk.svg",
        "/pl.svg",
        "/pm.svg",
        "/pn.svg",
        "/pr.svg",
        "/ps.svg",
        "/pt.svg",
        "/pw.svg",
        "/py.svg",
        "/qa.svg",
        "/re.svg",
        "/ro.svg",
        "/rs.svg",
        "/ru.svg",
        "/rw.svg",
        "/sa.svg",
        "/sb.svg",
        "/sc.svg",
        "/sd.svg",
        "/se.svg",
        "/sg.svg",
        "/sh.svg",
        "/si.svg",
        "/sj.svg",
        "/sk.svg",
        "/sl.svg",
        "/sm.svg",
        "/sn.svg",
        "/so.svg",
        "/sr.svg",
        "/ss.svg",
        "/st.svg",
        "/sv.svg",
        "/sx.svg",
        "/sy.svg",
        "/sz.svg",
        "/tc.svg",
        "/td.svg",
        "/tf.svg",
        "/tg.svg",
        "/th.svg",
        "/tj.svg",
        "/tk.svg",
        "/tl.svg",
        "/tm.svg",
        "/tn.svg",
        "/to.svg",
        "/tr.svg",
        "/tt.svg",
        "/tv.svg",
        "/tw.svg",
        "/tz.svg",
        "/ua.svg",
        "/ug.svg",
        "/um.svg",
        "/un.svg",
        "/us.svg",
        "/uy.svg",
        "/uz.svg",
        "/va.svg",
        "/vc.svg",
        "/ve.svg",
        "/vg.svg",
        "/vi.svg",
        "/vn.svg",
        "/vu.svg",
        "/wf.svg",
        "/ws.svg",
        "/xk.svg",
        "/ye.svg",
        "/yt.svg",
        "/za.svg",
        "/zm.svg",
        "/zw.svg"
      ],
      "patterns": []
    }
  ],
  "dataGroups": [],
  "hashTable": {
    "/1-es2015.js": "5927a3a0fabe894d0cfa072810cebfcc8afa7fd7",
    "/1-es5.js": "08c48de0f9c95e2c46efa5252efc1259c9031d2a",
    "/11-es2015.js": "dd439c02446ff9460a69dfba9db50be521a11b7b",
    "/11-es5.js": "78a672473f1a429ba444d2482a86668a7646ae89",
    "/12-es2015.js": "a5a1f816faa4b7cd8d3c823003ab3c52cc833131",
    "/12-es5.js": "ab420be7e8ccb1a458acd948c54a65fcc8b6e2d5",
    "/13-es2015.js": "171eef30e8aef9d965825465ad0f1f99f1acda76",
    "/13-es5.js": "c712823c2978d8082d7e722daf6f753e4011ddb7",
    "/14-es2015.js": "690734db2ea95e09f1cdad7e18998ef3cb6546c8",
    "/14-es5.js": "b45bf3e580df5ea277eb0b603be138142ba2dfc8",
    "/15-es2015.js": "e695c60a2aa8c3c4d338165c046d85610a51ec25",
    "/15-es5.js": "ff61a8162248902ffbad55ced7f912cb07867b6b",
    "/16-es2015.js": "59ae06d54f2425d51dc6e501aac4b06ad636ea50",
    "/16-es5.js": "d4a9b299c8d816c431a9f332b5b70cd21cd46611",
    "/17-es2015.js": "17e41e7cba4dc597f340120037f3a0b2c7a0f880",
    "/17-es5.js": "e8888622eef2ba875ffa7a45aac51e5093ff4fa2",
    "/18-es2015.js": "8f2066ad0e6a0f81f17acd80d5e43246e51686b3",
    "/18-es5.js": "435fa6c0645dcb162bb4e21fb64718086413fc05",
    "/19-es2015.js": "030fc8f2815aa9fa2ef8197b88d824ba067889bc",
    "/19-es5.js": "864b523eeb426acfa48796ddbf0bca6d3b8e3035",
    "/20-es2015.js": "3215b509a9019bc6ad118cfa859d18d3d2c445eb",
    "/20-es5.js": "89ddb899dd2f66ed9ad5c2a4375669534349bbe1",
    "/21-es2015.js": "31e631175e74200f32fc69b19e290e7ffd2216b1",
    "/21-es5.js": "b964f5889a36e6b262f7a204eb86bc40056fa3fa",
    "/22-es2015.js": "c1746134b396c1a4c817c2791c90dba63d16c323",
    "/22-es5.js": "1e0100b2552f394579a7a2a4199b5aadf6b23d32",
    "/23-es2015.js": "8ffe323de6f5e4afca7b6b18277ae6eac1aabec3",
    "/23-es5.js": "3e0564e68c354e4a182d41067bcfe461e0fb9e53",
    "/24-es2015.js": "243969f1d911feff9e60ab73d5e131991b8a56d7",
    "/24-es5.js": "efd88f9091285e0589597074c4d7c8a4a0c1d82e",
    "/25-es2015.js": "8392f5db2eafd53f67f569cf03d4a58866304fa0",
    "/25-es5.js": "3d3116c98c73f733e70921b30be3a1c46e83d99a",
    "/26-es2015.js": "b93a8f1071683a7ff40a413758df4d3d7996dfc4",
    "/26-es5.js": "893e737293eaa0abb237e99594c0e03ddcc99597",
    "/27-es2015.js": "b81591e548acdecd71211b5620ecc123095f99d8",
    "/27-es5.js": "97c41ff9d30c853c7bf16f14dfc0d0753025b8c3",
    "/28-es2015.js": "d79bc9103553ef5fae0f017e8d438c40f98e9c8a",
    "/28-es5.js": "8051fe97df0faf740f1f15d508f7b2d9cf464f6c",
    "/29-es2015.js": "227ae949a7f961f19dc8e053c6f1acbfed070819",
    "/29-es5.js": "1583104bd7de942a21a2260d632ecd1a546d88bb",
    "/3-es2015.js": "1b8dd7c8ca7fedd907e6bf20632fdfaefec7bd26",
    "/3-es5.js": "3d2591e4f3c746259b8cacabe89eada62662ba56",
    "/30-es2015.js": "c36b6ef1047891f5648a921a91f2f88d044c7de9",
    "/30-es5.js": "30172596daa61a6f036a02cf5cfbf6110ec5a012",
    "/31-es2015.js": "74bed5b90fe2342a5c119c701c7fa7baccd33263",
    "/31-es5.js": "b6bf0af8c89a8f70d1a7d10422a1d58e5a1e869c",
    "/32-es2015.js": "e17d689f8057c7e02b83c23d73c67dd0ef0df6a6",
    "/32-es5.js": "0fe337d3db1491c4ccce22159321d71605709912",
    "/33-es2015.js": "8cb5f8c22d505304a5b55494a25c5281b4bfa9a5",
    "/33-es5.js": "6749da247bc5bd32c36adec8800a1fc69ba791e1",
    "/4-es2015.js": "e86108b9e71359de414c67c4e96b6987ce9c2b81",
    "/4-es5.js": "bc3e397a65264e4aef96da73b9f7f52434118b80",
    "/5-es2015.js": "8aaca0baeb74c4485b041eae1ae347288258f4ec",
    "/5-es5.js": "d5d1e89596bcad9994b7d697d6b2e5574eca0893",
    "/6-es2015.js": "2b373a1bc2a8a399294feff0ab50137a3829823f",
    "/6-es5.js": "d288da2386192c1fd35f4b5c70538f08bb259eb5",
    "/ad.svg": "94dd6d94c3368174fd23eb11d38fac01f748885b",
    "/ae.svg": "2263336db92f03dfc1e89028c6dd77b4b5cf2fb2",
    "/af.svg": "055f31ac89c15e4cfcc44a5bc4d2051801a75655",
    "/ag.svg": "05039e4725f40241aaa25df6352f71202fbb842a",
    "/ai.svg": "0e808108499e5f26d122efadb7ce48dedc10a199",
    "/al.svg": "be2081df389a3ee8dce91357027e191d6abcaee0",
    "/am.svg": "28e57bcac18acecaffe9e2c494317e1ec1dfed3b",
    "/ao.svg": "4a7d2d2dc13c821f31365a46906f21794363a9ad",
    "/aq.svg": "1e8ac1c1c38dec6e71b7e7cac36c320ea801302d",
    "/ar.svg": "3703cbe7020ef5efb0525980ae896794e29e56bc",
    "/as.svg": "30c8427a7383ecdbe936dc9e4ff32689f0b5b75a",
    "/assets/icons/android-chrome-144x144.png": "df4c367bc9f3f3b7e31e7ae35d597e5ef757f752",
    "/assets/icons/android-chrome-192x192.png": "c7bb8f405b269a58b6c33fb9769b286762ac6aff",
    "/assets/icons/android-chrome-36x36.png": "68ad96dabc6844bcc9d27e2858a5501600eceefa",
    "/assets/icons/android-chrome-48x48.png": "40560115dbd567a75e53775f9270789bde1c5630",
    "/assets/icons/android-chrome-72x72.png": "c58924613b88ade9d5209d3a4c2a03e952bb9cb0",
    "/assets/icons/android-chrome-96x96.png": "8abe747c35cf78110fd8a49d17af8bc5b08f8a2e",
    "/assets/icons/apple-touch-icon-114x114.png": "c9d1d3da387259806d33fd8c257dac0fc7db91fa",
    "/assets/icons/apple-touch-icon-120x120.png": "7802d585dcec835871b43002f422e5b6ee7eecf1",
    "/assets/icons/apple-touch-icon-144x144.png": "32e37b6b8d80fe05b60574cbbdc4091b229e95e3",
    "/assets/icons/apple-touch-icon-152x152.png": "458140b86089712a7a74f456e29b87e7a2f7f868",
    "/assets/icons/apple-touch-icon-180x180.png": "73d2bfd9d18a9fa94d93b066ec5ff7934d0b0b5a",
    "/assets/icons/apple-touch-icon-57x57.png": "0587283dd139a29759a827e312e0993919d3610a",
    "/assets/icons/apple-touch-icon-60x60.png": "1cadb025f063ef462f1b60c931593aaa35134020",
    "/assets/icons/apple-touch-icon-72x72.png": "41862f13601ff07ced6386d14c8f5712f73e42c7",
    "/assets/icons/apple-touch-icon-76x76.png": "4639764c59c8b851347b2f2947c318eaff408ba8",
    "/assets/icons/apple-touch-icon.png": "73d2bfd9d18a9fa94d93b066ec5ff7934d0b0b5a",
    "/assets/icons/browserconfig.xml": "954a1abcbf1fc282bcb6f5bd3839fb060e04bbb8",
    "/assets/icons/favicon-16x16.png": "84279295f5326018773dce516c49b0f37b871110",
    "/assets/icons/favicon-254x254.gif": "3636cd4bac716ed8ecc27d2349d98e7431a89348",
    "/assets/icons/favicon-32x32.png": "05591f4930d78d32c2a96ab533bf625609559bff",
    "/assets/icons/favicon.ico": "d2bff95ea282cf990caf7f06e812547df3cd1791",
    "/assets/icons/mstile-144x144.png": "4ebd6474e4acf0c38710a7d365a00ca090d58f7e",
    "/assets/icons/mstile-150x150.png": "62f79d970feae4340347bf93eaae0e9c0f1a4560",
    "/assets/icons/mstile-310x150.png": "edd70a7ab61ac551b27d54860b62aa559531bb5c",
    "/assets/icons/mstile-310x310.png": "0468f60143b10643540bc2a4d9db0d20377f59e1",
    "/assets/icons/mstile-70x70.png": "a179b2b2afbac1dee94ad95920ade488317efee4",
    "/assets/icons/safari-pinned-tab.svg": "9cff01735f2d1aeda6b37808cf5ebbd7ce4b1385",
    "/assets/images/default-user.jpg": "2101e80a44e4dadbb7b85f273ec0cd3608702027",
    "/assets/images/placeholder.webp": "19eb56393de871cb4c8f4e7fbce4b652f335d709",
    "/at.svg": "d9506b0bf49c68da201695c3714f0ad2ac7bbbff",
    "/au.svg": "c613785b484c09f81043e084377516b824105c3e",
    "/aw.svg": "ff8d722fe6bc99c66d8d82795c9da2344602ef28",
    "/ax.svg": "d059335ae73f4081f4395807a64c794d6d888b88",
    "/az.svg": "0c3f0cdda9656a156e0bdef39cdb6c6e947c5330",
    "/ba.svg": "156d236ef7995e15d3133627927d9bb68b4c3f1f",
    "/bb.svg": "7edf689e1518c2802c2a89480242180ef3d94f80",
    "/bd.svg": "c8b886b0b05e5cf0d6616bf5df5f140c23a1d4c2",
    "/be.svg": "8ae468a4191a85b058ec5c305805206753468998",
    "/bf.svg": "661dbae0b1b1e0f7139966893eced2d0cbfd2171",
    "/bg.svg": "68d533b32d3ac89dda602861b5a4b00ae5cf15e5",
    "/bh.svg": "24fcfe81c9d31145df1fb108bdaf338d02df5f17",
    "/bi.svg": "4946989fb32e475fbb33997b100970b87c5a264c",
    "/bj.svg": "30c1d641cf611e805124333563947016feca2bde",
    "/bl.svg": "abc8c5d2c55554634e224e5a8c6e9387968e70d5",
    "/bm.svg": "7c90ed3ee0db35239b517057a67ac0dfd74feabe",
    "/bn.svg": "73af25156790318b1d68f7e0593224bff4d29049",
    "/bo.svg": "a8fc5b832a40111f723f0040c9784c283d9f8ada",
    "/bq.svg": "bf446c3c995e39f221ed013bcc49c3c5aed77e39",
    "/br.svg": "48978a3e79b5ddd9f1821d1aa425f3bcb74380c1",
    "/bs.svg": "72fa93338474b73727a4d70b0c643da5286a38f8",
    "/bt.svg": "691e92d3d094beb1c40aa69004e4ec0a113a7c01",
    "/bv.svg": "37ee837019883757c3369504a3064b4b3cf79cbb",
    "/bw.svg": "37c837efcc39cb8f9209e4d3cd0d2019c147e776",
    "/by.svg": "1389e00c31f974198f6df2b5e4c68232f7018ebe",
    "/bz.svg": "1ee028e588f79d71b3ca9d8737366f3455725de6",
    "/ca.svg": "3781d88c511fdb79482bb27f18528add33585b3c",
    "/cc.svg": "9babf019d225e2488795f36aaa03fdffafb07e2a",
    "/cd.svg": "895812a8a36965adca8dae924074fd70c14e393c",
    "/cf.svg": "28f3d05f696df6c28e477dfc2137c2fe1afa9400",
    "/cg.svg": "db8447e823b8f8eb8f01edc87742ef778783d9e7",
    "/ch.svg": "d5d191f52d9d59b9fe632dcbbfdfdcd303b5e34d",
    "/ci.svg": "f3e73fb574d5dea835e29af45d0ea5ecefcc5887",
    "/ck.svg": "cff3f45f53852487b902edd1b3bee634c2cdad81",
    "/cl.svg": "982e1649e2a6ca1cc90083d18b2fd379ad445058",
    "/cm.svg": "3820fc79945cdb435cbf17e0fdc4439c28ad766d",
    "/cn.svg": "794e99ff287ab806a4336321bdede8590bfbf098",
    "/co.svg": "560a1c1c7964e2865571979ac48d4d16a26612b6",
    "/common-es2015.js": "57c5b34182f6cc5023e81f2afc3cc975bd28b4bd",
    "/common-es5.js": "0974af81264c37821103d02f5f19fc2d39b2d474",
    "/cr.svg": "2916bded9016c4ff9afe9bf9003372b51e2b87be",
    "/cu.svg": "b366f71d49dfe94a880f5a81bf5fd8800e5bf454",
    "/cv.svg": "32340cfd200da3339facd5eb6a5db479507596cc",
    "/cw.svg": "cdd807ad82df4a5fd7a5b2e5b7134b805e5e13dc",
    "/cx.svg": "b11dc754ef970470653e197867463c550f8da653",
    "/cy.svg": "df7fd9a6da8c165019a528ee718accf997dee9eb",
    "/cz.svg": "fa33c9defd38f875eb8a1555b41076a1ce2d2254",
    "/de.svg": "b1eadd2c21b10e1a13c8b44b742618c576024021",
    "/dj.svg": "1881afd70344fad5eed0209f133d87e1362f355d",
    "/dk.svg": "e296601b5f61ff36e2c3d6bff51d7beec9221607",
    "/dm.svg": "f66c4516fc1fc0553bff967912fa67affb9df8b8",
    "/do.svg": "4eaa4c6e175d693cb5777128f6ba3e2068e65bf1",
    "/dz.svg": "040dc8bd97cb102abccb8ded876e64e2cdd43146",
    "/ec.svg": "b121d7dfaf5173ea6ac33ab678122197a88abe47",
    "/ee.svg": "af83dc9be813f0920d57833d0e2bd713e844b511",
    "/eg.svg": "db95ff7f05df9d8b1d338ab983e7071d4c3dc003",
    "/eh.svg": "a288687aaff40ad7b3a8337cfcbf4bcbff51b164",
    "/er.svg": "dba38dcf1ab3d5ad8a71a91f35c19c44f98b8ccd",
    "/es-ca.svg": "b615c23d68bb62b5ff274fb0e6075ad5a4e3cb4e",
    "/es-ga.svg": "bc17fe788b2da168cda72531146331f50920455c",
    "/es.svg": "1f9d1c6f59c6b051634db5aefc2da3900373ca9f",
    "/et.svg": "28d9b0a1600600c26c649004aa2bd60a9fc2de2c",
    "/eu.svg": "d10858345db10c9ba712f2547c7754f8dd1843c7",
    "/fi.svg": "4c2c50447dd41ac882df665516f38349f5347448",
    "/fj.svg": "cb7ead077297dc6a872007ce0ad19b69cc969c2e",
    "/fk.svg": "4cdd3ee388f5d719e98f7034421d2ee29a01cebb",
    "/fm.svg": "ff1409c41f80346efe1ef7c0c2d0b9825b289fa5",
    "/fo.svg": "2b3c15beed61c81a6a2340db80d482be86c0e347",
    "/fontello.eot": "8a75d55d633e5863ba3cc60c90ab251a3b5d8660",
    "/fontello.svg": "e98deb9d6cc7d8419718cafe6605186d3ec11f07",
    "/fontello.ttf": "e75e3dfd77674a9379e40aaa50ac764457a96364",
    "/fontello.woff": "d1a870868146d7028e1e575093d969c12cc1fa80",
    "/fontello.woff2": "b32f895e99eb87fa8cd4b6755d15d9d8b95958fa",
    "/fr.svg": "0324f7ecd7279beaac142a037cc30759fdddb502",
    "/ga.svg": "0cc760779d47741e82e23bdaff973c44aab602fd",
    "/gb-eng.svg": "9f4a7abd69d931449be9448edc7897f5736d61d9",
    "/gb-nir.svg": "123f991aedecaf7c232485f30bbe84603bb63477",
    "/gb-sct.svg": "d8b15cf4867258c933e0b5c141ee9cf550391301",
    "/gb-wls.svg": "fe2f1c888aa563a9dc5b41bce8142a7441b4b90b",
    "/gb.svg": "1c6c2da2e7e1938317a892ffe7832f2ec4f89186",
    "/gd.svg": "89db412a7a16a8b0c2d423d3c6fddb1d29e26588",
    "/ge.svg": "40d30a42cfa20dc724da023705b717ab5758c6bd",
    "/gf.svg": "7edf9ef8779921d1268ccd30c99d6b826c9a33e6",
    "/gg.svg": "bdeb77f4beedeb93ab1f4e3770fde97ddcd226d8",
    "/gh.svg": "bc3aff43ced39cc3116ddeb24aff0c3aadcd12e0",
    "/gi.svg": "037b6c3fcc3ab98d37fcb50c27db4ac4e4617cb7",
    "/gl.svg": "0197c236d2e9c4c83a5db04fc83491c022e3f99b",
    "/gm.svg": "c703ec346aec571db2d0cf3a42a326d306ebc03b",
    "/gn.svg": "408b668ce893d17608b950ee0a9d6c44d9a97ba9",
    "/gp.svg": "657c06afeb5f16063e1883307d14cb2be4064137",
    "/gq.svg": "9ba421c7ea7b746ec7bae6370ea2b291d1c6564e",
    "/gr.svg": "1962066d7bd840227e8a873c7d8faf4204f36219",
    "/gs.svg": "16d0d6e28ebb12e34346585500ca26b75599eb29",
    "/gt.svg": "6f138d5d9905ad6b69d004ada57061b5c7e8e7e4",
    "/gu.svg": "14270344a098e5375da2bb3e114c7d7be772a2be",
    "/gw.svg": "06af59552005d38db426ed9738c7c30226c10bf9",
    "/gy.svg": "4327ea88b250e34238b7514fb64f2c4dbc0ec741",
    "/hk.svg": "a64b8df37819c449fdcc38b1194bee36b4f9223d",
    "/hm.svg": "7ee8e748ed16237ca8513e6ae792392c6852e5b3",
    "/hn.svg": "65596d2d34e88c5745ae0d433efb53c6bb7ceb48",
    "/hr.svg": "c202544fbe1c4410e0991c3a83918cda3ff4102c",
    "/ht.svg": "06288ea439b9b6f8f49dec7916f8a6ab4ee09c2a",
    "/hu.svg": "33c13527e4573859cb4b957165955bae9db64d65",
    "/id.svg": "45613eeabaaa9b5523d527c9c7b7082e0eb0859e",
    "/ie.svg": "6e72b777904fea095abf423140dae0966604f8da",
    "/il.svg": "3f6fce5800cab7bcceb09f633f1f7a6deb304275",
    "/im.svg": "78e5ea82f07f88f224f339b485af07bc44c583a3",
    "/in.svg": "8227e6a26db90382b3b07a416a49d995b35f994e",
    "/index.html": "9bc98a2870742859703fbdb70cf92b8fbf0242f7",
    "/io.svg": "cbcd340414b4ec629dfae1c6ac184c69a3a6c089",
    "/iq.svg": "0085357d0e63b558fcd6084add3c3e166f9130cc",
    "/ir.svg": "96bd9b0b3bdc0092a92407cadf9c6809d7a68c53",
    "/is.svg": "986c01f16c2e9c94fda54b2eff5c75f4856d0d16",
    "/it.svg": "653faa79aef73d8a6ff0f39dd762e7152032dc1a",
    "/je.svg": "764eb18d030a20ae495c344846eaabad01ee5ce3",
    "/jm.svg": "aeb297c9fc20bf24ce2041ce85078c6833cb2bbc",
    "/jo.svg": "4e5ffd08eadca0e5fed06f0ca9e34092373c187b",
    "/jp.svg": "a6ad52faa440e0a4293f4b875cf514ab539383a3",
    "/ke.svg": "7ac9791a179ad550a2d7a86213ffeec7bae6769f",
    "/kg.svg": "ddad89faedc5a2ff7872b69526b282103e2b7460",
    "/kh.svg": "0ce10e7a45f30641d2e4b5404f40bee89e844060",
    "/ki.svg": "215cd99635fb81eb08f9685ac060d75ed4d71753",
    "/km.svg": "6069250634aecb1fd845cc0c6302e0420291599d",
    "/kn.svg": "1b182e0fa8016805090c60aee1153d9e6560bd91",
    "/kp.svg": "49f20cfef1da4b8f6e51145fde5df27b8c70deb5",
    "/kr.svg": "1735d828dfa6ec456b03a760901127d4699948f0",
    "/kw.svg": "3f1c70d39eb728f0b87b38a31eebf152c04c9a9d",
    "/ky.svg": "c5227edd2b6525adc786ef08d81cb074c96ee6eb",
    "/kz.svg": "61614d14dbb829fcc871cb0230f082063ec3a163",
    "/la.svg": "17534274c351a04737a2d0074bbfd5773cb75057",
    "/lb.svg": "9b8bfca72a72d321c87a7fd4f4face15ad9d485d",
    "/lc.svg": "435867491796e06b9c9d96e23b64b722c6563336",
    "/li.svg": "e5895b31d700b89e7d380cc636ad53fe5e18a961",
    "/lk.svg": "138826e2252a3b062f7fa96a15370e25757671f0",
    "/lr.svg": "a006f392df9771c20d20a7b2eaafef1a30633897",
    "/ls.svg": "9eb145321943ed01d9180a7d96884bf7fcd59754",
    "/lt.svg": "31bc20eb3dd3df5d738ef24d46a95486cc13eb07",
    "/lu.svg": "173903163b2ec41221ff606e492728ee9cf86088",
    "/lv.svg": "e87ed2def54029b2e7761424d635e618b67d3df9",
    "/ly.svg": "cc4d78c875d1a949df98c50bd6fdd776353faf19",
    "/ma.svg": "2b29e5febaeaf669731112b60de0f88d07b88e1b",
    "/main-es2015.js": "641e38dfb956796b1ced33e2d47f6667357b7653",
    "/main-es5.js": "d447e9187d7e99f8bf4597a8f5b5b38deb24f5b5",
    "/manifest.webmanifest": "2ee59181ac39335e0415f96b1b29f24b7a0c5d61",
    "/mc.svg": "b57b9153c3ad7b91578b2a8ce2ba4ebf18ab5169",
    "/md.svg": "331a2f50bc88915ba5d4b72ab432a7c17fd1e3c3",
    "/me.svg": "c5ff5d633fc25fb861d7b2b00185b4cc29b714b6",
    "/mf.svg": "1135c2819f5c703268604b04f3c526aeccfe1420",
    "/mg.svg": "16b04b7addb48a51df45d0c5184faad3f538acfa",
    "/mh.svg": "486e74badc99e361a2e0aa1f95d29f876150bd2c",
    "/mk.svg": "02767f9b5636b8a514d241b1ea127bd75b7c29a3",
    "/ml.svg": "65f26f53581234be2baf64e6d915bbb3c1ef1087",
    "/mm.svg": "03fe266f832969a614e2cab81b43155c5e4f3218",
    "/mn.svg": "b54cb6cbc4c8dd58570313ee90f1e5fdf0289db3",
    "/mo.svg": "5ee778336794e5239dfab77766d94cf9abfe62f5",
    "/mp.svg": "304603f0eda7ea94f203380d70874dda2ad76fcf",
    "/mq.svg": "964c166cb9ac6aa787612cec9acd38fb857f491b",
    "/mr.svg": "38e7e0b2f548378ec7775b60a2586edfb661648e",
    "/ms.svg": "d50df67a295d70d5723124fe1fa7fe48f36a522e",
    "/mt.svg": "05ece5c4dc6926d527dbfb3f75df03509d645a25",
    "/mu.svg": "447ef6432d9f60329291b67b2c5a277343f22469",
    "/mv.svg": "6aca8404cf21c3e00a04e4afb59ac815669c989f",
    "/mw.svg": "15899e67475e4d4ce69c338158e18d443dd269d3",
    "/mx.svg": "991d84b1fb4422a08c80851c237d279d713bc331",
    "/my.svg": "2b2213f74e78508a1d28ed92d4b6d589bab81090",
    "/mz.svg": "8a6f4596ffa156b35859b3edd55b09290385d2fc",
    "/na.svg": "b1eaf4262ab574054ab3cbe31a61e83756dc7cae",
    "/nc.svg": "268cc311401e95db4da114d78b57b30b657ab668",
    "/ne.svg": "d752430a1e1bec4470f23a9cbeed82b8e9788e5a",
    "/nf.svg": "a4002b9702daa3502048f3dc870cb561c9d487d4",
    "/ng.svg": "ddface711b1cb1487b742d564c26632f45b66713",
    "/ni.svg": "0d9e31a5256b53ac051ab085f8c1a342dae95ca5",
    "/nl.svg": "d91e11166ad2aea33a2157310fd359a5d29d6380",
    "/no.svg": "8ce46b52051cd9e12747cc4d0ba14568a1a5d200",
    "/np.svg": "8d55b7621d4c9c2a3fc6f01ebb5525bcd325bf70",
    "/nr.svg": "bf245837ea8f3412ab6aed7ba7b171ed801dc79c",
    "/nu.svg": "d0a4c2633a54752de807d69c2e87064c7ed7aad6",
    "/nz.svg": "01fe73e3b0eb58fb3ea56e6af79b8477e424355f",
    "/om.svg": "1f6f8276ccdd6f72654ab79b0c382cabe43d4f9b",
    "/pa.svg": "ca29bae24a403b67c116ebb46ff60a1df687bfef",
    "/pe.svg": "f9bd0381541c7d3094b7948a93810d10c772ee45",
    "/pf.svg": "4b8e15af002b1ccea53b66eeed5ea2e19b5f6be5",
    "/pg.svg": "73b776d5be6730f1e751537feba74bf8f3d61286",
    "/ph.svg": "07aeddaea6f1ff328b5399056e6d628a5dd82006",
    "/pk.svg": "7c4f261b7cc0cf28c23fbf933853d36634d25c3a",
    "/pl.svg": "afa7df1591868b3672bb1e6d82f079a532f67848",
    "/pm.svg": "22b3d7761f87558aa810b8165186ee570f6d7130",
    "/pn.svg": "bbbaaa0b47e86dc1ea1cd57b2fcd312b9effda6a",
    "/polyfills-es2015.js": "3d6fdd1ff09692ed1e9cdd9a362316f0dfa234eb",
    "/polyfills-es5.js": "79b0ac72dca46fd5d6c8bae9d942ebb329a0e6cf",
    "/pr.svg": "88ca09b98c41ce283068d1126c068a19f32a5a4a",
    "/ps.svg": "afa804e6d29e8d821e82e61ad52191a0a75f5623",
    "/pt.svg": "ac36d0f2b27ab5fedf127579e304d7def7c909bd",
    "/pw.svg": "cf464684c037273f3ce9791aa0cac3512349d283",
    "/py.svg": "34901a1a47389b478b6c087dadf6a61437198849",
    "/qa.svg": "4ba8198ffe66a7eece2a9c74bf476c5a470e9502",
    "/re.svg": "142283b957b7dba5a2411707dafbd77d79feb8c1",
    "/ro.svg": "3535a108818f0e004b6a7c262fffbf2e7d2a6aca",
    "/rs.svg": "c9f2a5dab914091fad112e9c4576f2bb4f7f648d",
    "/ru.svg": "fbe8adc1f75d896354345414a75cf5f847967ee7",
    "/runtime-es2015.js": "0a06b579570669bf54a040ec2844302687b70a59",
    "/runtime-es5.js": "a45cc266cff764aea1e41db0a7713e4c69be0f98",
    "/rw.svg": "49851dc27d167b5742cce4d6198feab848c9d20e",
    "/sa.svg": "91394b420999bd3fb75ea94df03bc86f26ce2d5c",
    "/sb.svg": "85b07f3544675c519e3b07a3dc1bdc8e7d33b695",
    "/sc.svg": "27236e78f9d9db01d1e9198cca189037c4ba9c19",
    "/sd.svg": "b44cf3be3a125f6896fd24911f54f707146b81f5",
    "/se.svg": "c7e0d885d58e61c5bb8c1500b859023fab5cc1a9",
    "/sg.svg": "fab12ea1b3d905a3467f4b3d58093eac94a1880c",
    "/sh.svg": "e8a3dfc757c49ea35706a83e1ee5afcd7d0f51ef",
    "/si.svg": "425ac621088f4364629dfd68b832ca0811ba462a",
    "/sj.svg": "3aac16185a00d97902be74f844dfb6b8a514d925",
    "/sk.svg": "fe9baa1f59556b74aa5bb99b7ac9b120869ae758",
    "/sl.svg": "284ca020ffe659d4b4110c627c201a93ac3f7512",
    "/sm.svg": "989a3f6b5d26a9e8b15b4305e9e99cb039a2d7ec",
    "/sn.svg": "631584b0f4faf775ae0d4418f885e62018c3c26d",
    "/so.svg": "2984fa0f675e846aa2083d5acf52fc15570cbe1f",
    "/sr.svg": "5e11606354c457390aa6b04410121852b470b5ec",
    "/ss.svg": "16d5d6d5091d25ab64cb90ddb6ca6d7585ef185f",
    "/st.svg": "0b1df5a475a31363140f5f9cccef754c116f8cde",
    "/styles.css": "32b6cf17896c351d4625667331e811cdb86139d3",
    "/sv.svg": "2439582e8af2973b2afa106babae11b2112080e0",
    "/sx.svg": "62c862c3a328ee7eacdbc0880b8839c434298ad9",
    "/sy.svg": "7a5fb41f472c0845b22ddf20cfe0da9a2e330d8a",
    "/sz.svg": "9d50773e72f47965e4bece50fb2c90738414e617",
    "/tc.svg": "b3a83e5286865ad36efe61414fc455b06a67bace",
    "/td.svg": "1231e704784f89b1643cf5938e808adead9ede8e",
    "/tf.svg": "4bf9a67d2da34d80d3e2093ba992a39d14d2c87c",
    "/tg.svg": "8458a7024eaf39a888a91a6910c8bede721e3e2d",
    "/th.svg": "1f57e2dcfc2f1ec277bd577c5262f527a42c5d9c",
    "/tj.svg": "894f0376b55698b75b1dddd2e811258e1a4e62d9",
    "/tk.svg": "4a13fcd2393595e225598b12e42328a7efeba7fb",
    "/tl.svg": "cce0b84e333c751960c38fde3cc94b467db6e8e1",
    "/tm.svg": "ecde39955dd5392192f154a67710458e2b61540b",
    "/tn.svg": "528818aab10c15299ea5d5f8dc15c8c983aa4a25",
    "/to.svg": "14179e290396daa90e9ea0a15ce720ccdbc04a31",
    "/tr.svg": "258805d29ed45f4650436c75c224c7ddebe20be2",
    "/tt.svg": "34e2e35fcc5dc2efa4c42b39bdba990a082c8210",
    "/tv.svg": "f4d6bf56ab5f3a1d5759de8504b1ac1d24405bfd",
    "/tw.svg": "32672e3399baf443c63414e2df7a053a8139d27e",
    "/tz.svg": "64da8a1232d7cd725989c436c9f4b77ad854a737",
    "/ua.svg": "ce6bcbff6687ae6b2a55058492dffe5da5930834",
    "/ug.svg": "2f8ce8a1c005bed6eae1d3d772c42539f484c88f",
    "/um.svg": "9c63cc86b5f55b470248e9df15292f6d51a4466a",
    "/un.svg": "b2230b9669a5d652df21cbdea01800c3af98d396",
    "/us.svg": "cb3f54c91edab7cd02a6b002c90b3f30b398da58",
    "/uy.svg": "ae21e26341ce716736a5591c4980e75b6948c219",
    "/uz.svg": "67da9ec96ba60dbafbe381f952df320c419adb47",
    "/va.svg": "059b1b38a78ba6942fc0f77417b143385fa75b7b",
    "/vc.svg": "c4970d9ad60d307bad11f4e240780803ce4c8f4c",
    "/ve.svg": "9af0ae3fc9d62bb187f9c392385b4e87162d958b",
    "/vg.svg": "69c2d93f8bb04a31f794ca6878a7df11afc12d7b",
    "/vi.svg": "1ac7aecb1db74b48fd7084e53d0085160fe6fda2",
    "/vn.svg": "24e774309e19b9ad9a3d6727d1f49f4fb82b723e",
    "/vu.svg": "966a44f33f43deca6e93ef438b41c86da6ca2e9e",
    "/wf.svg": "c3b112d5155ae3266780e1a58a991b95f1a1b43d",
    "/ws.svg": "57cab17a6e07c925b5d5149de576fa81eedd9712",
    "/xk.svg": "35553402c3009cbae2d5f6bc2419bc67a7ec59a5",
    "/ye.svg": "40777e9c4bdbc2da8a26090e1aad7b330e3a76cc",
    "/yt.svg": "dbd7612b4642e5a3568ef183576d2f37e7615cb7",
    "/za.svg": "3d3b8c63889144bf65668f1360d5bdf9df878c91",
    "/zm.svg": "2f3fac038109d0f6a7e2ea4664810179e8fc1b48",
    "/zw.svg": "dc9312c2a706d1d57056eb3b9ba9381c5fc7c175"
  },
  "navigationUrls": [
    {
      "positive": true,
      "regex": "^\\/.*$"
    },
    {
      "positive": false,
      "regex": "^\\/(?:.+\\/)?[^/]*\\.[^/]*$"
    },
    {
      "positive": false,
      "regex": "^\\/(?:.+\\/)?[^/]*__[^/]*$"
    },
    {
      "positive": false,
      "regex": "^\\/(?:.+\\/)?[^/]*__[^/]*\\/.*$"
    }
  ],
  "navigationRequestStrategy": "performance"
}